{"HillsTerrain(floor_height=2.6, scale=5)": [398.948851949058, 993.7681254492641, 1004.0994839970365, 1011.2727032043359, 1007.6638392206756, 1019.9918378220221, 1016.5907372282487, 1025.8154290666944, 1021.5271629413032, 1023.0956946973484, 1013.2749797983067, 1025.4784422490236, 1027.3845795410546, 1026.572510881295, 1032.5728508961713, 1046.7258891954039, 1039.7598203324183, 1043.10272805973, 1074.4439738665724, 1098.7022026657069, 1100.5182541371805, 1113.9883523607068], "HillsTerrain(floor_height=2.6, scale=10)": [399.92158462153884, 969.1765769664623, 1007.7675546959053, 1012.3298413028864, 1009.8577385936894, 1030.0880286492945, 1017.4729366980166, 1016.8952541238091, 1011.3100304340438, 1018.0449828656027, 1013.7133406758662, 1014.7986182254153, 1027.7018544149332, 1038.387081480269, 1031.981430306611, 1040.4990092700332, 1044.9935188639097, 1063.3819949017989, 1080.032877253921, 1097.0343687482216, 1109.7369623064415, 1114.2805440663542], "HillsTerrain(floor_height=2.6, scale=15)": [441.9375541323942, 964.3394603007922, 1003.6725377080699, 1013.0317902577281, 1007.0833115202477, 1018.511498602843, 1028.608528914703, 1023.5004539966603, 1012.6779199886792, 1017.5896239680261, 1014.7549568130015, 1025.0520649432367, 1028.2612699282379, 1034.8795910249494, 1030.7345565604724, 1024.7080984636766, 1043.7744217617435, 1059.9042882227147, 1053.1349168152037, 1100.9436723821984, 1102.5015085506182, 1092.1066923395592], "HillsTerrain(floor_height=2.6, scale=20)": [474.5348789886893, 970.1498333461805, 1003.7656549630337, 1017.9225908726709, 1010.153586718177, 1027.3376860049066, 1017.3213825114022, 1020.145579887444, 1014.0289366040761, 1019.954081164622, 1014.496119265001, 1035.4221347321327, 1026.2532423693458, 1029.22181862418, 1039.5290784582428, 1037.9879413719755, 1042.0539856375128, 1062.199962238424, 1067.822047105037, 1092.2456763063117, 1114.5412226433923, 1096.2025451387326], "HillsTerrain(floor_height=2.8, scale=5)": [455.579137524889, 961.9885262214327, 1014.2638115196903, 1012.2424727447278, 1009.6620636727741, 1020.0444415626998, 1019.703604828981, 1020.3121797200102, 1014.9911415842254, 1021.4488281615664, 1014.7257151374962, 1019.8425439924487, 1029.2842662974165, 1030.835966931379, 1026.4655788884238, 1038.145625056855, 1049.1997384785946, 1059.0036769212818, 1069.8444426723238, 1089.1624533900706, 1102.6929480677434, 1120.1644859741455], "HillsTerrain(floor_height=2.8, scale=10)": [525.7340023153454, 966.8723503185103, 1004.3719781020272, 1015.3359477256475, 1005.4673077659787, 1021.4916252213837, 1023.6404280985713, 1017.7744873614649, 1011.84446381507, 1020.1172175397005, 1026.209302064324, 1025.1588875377045, 1027.0646300323108, 1024.2746215519144, 1030.1310604867633, 1039.5508229013449, 1035.0204069065967, 1058.9163125063483, 1074.6914015064172, 1093.2035948715475, 1109.4865087691837, 1088.8088370085775], "HillsTerrain(floor_height=2.8, scale=15)": [449.30018278327714, 991.4947775322694, 998.2615085522883, 1014.1452054090169, 1008.0870286074412, 1014.008293478034, 1018.2371281322008, 1020.9665151809062, 1016.3290558326454, 1021.1870546256691, 1020.7552491350068, 1023.677361863467, 1031.9716474617042, 1032.7750745785147, 1026.3169786100975, 1031.9482128595203, 1036.9773250314172, 1061.795470376005, 1067.8959057255977, 1084.7871052004834, 1094.7007391864806, 1102.797193677971], "HillsTerrain(floor_height=2.8, scale=20)": [513.1117565217343, 972.4994534773044, 1007.351579268762, 1022.8116301184158, 1010.1607413531643, 1009.2681252892739, 1021.5321016180665, 1019.7581638953094, 1013.0947978854332, 1013.6339412648498, 1016.8477927730432, 1024.5064418205714, 1026.6323413407604, 1026.8974842445177, 1030.1467259710435, 1029.313086920551, 1035.6225501332713, 1074.843830315021, 1086.4781379393896, 1111.654520779718, 1110.072333861235, 1126.5377361430862], "HillsTerrain(floor_height=3.4, scale=5)": [523.8938029116493, 991.1345457483669, 998.7583248794709, 1018.1460071016031, 1003.2675934848805, 1018.2265527413113, 1019.3616881318521, 1020.7709507962546, 1016.0657623434472, 1018.5241545560983, 1021.7031479433107, 1014.8554886593223, 1024.7553042294235, 1025.2399483193265, 1030.4890675645436, 1023.7267730321279, 1037.4371978754825, 1054.7315568042825, 1073.3876991537247, 1117.3960893922397, 1100.0654700024147, 1094.5163417626568], "HillsTerrain(floor_height=3.4, scale=10)": [541.0558142748689, 989.0164084126299, 1003.3092755316578, 1013.6490670761667, 1012.1893991898194, 1022.0759181156442, 1019.6831104828252, 1021.4287990132622, 1008.8642588456458, 1016.1121103698613, 1024.1798641185526, 1025.6237166094625, 1025.2060864408725, 1031.5009068331108, 1028.1346730817854, 1037.9773812236258, 1044.2134058641668, 1049.854248918928, 1086.2777267210786, 1097.9316107418917, 1099.345496875693, 1113.945543615294], "HillsTerrain(floor_height=3.4, scale=15)": [565.8019249023963, 984.7822030500012, 1004.8713045498937, 1015.564655539345, 1005.6657711688057, 1015.669566029917, 1020.2267983042702, 1013.2300045171444, 1016.928061314901, 1016.9975321805316, 1021.5548796132848, 1024.260679645553, 1024.875061356792, 1027.5076584846895, 1028.108056925635, 1031.1914628261845, 1034.1891603799534, 1063.515705188486, 1082.271902734429, 1095.8772604360943, 1113.0454233096527, 1098.41298479913], "HillsTerrain(floor_height=3.4, scale=20)": [606.3248423128141, 980.2184716013082, 1008.0201268260618, 1015.800038504306, 1006.7184165549012, 1018.6456511251088, 1022.9737188410387, 1017.4384767244884, 1022.2334376428569, 1016.575757278896, 1022.571263704103, 1019.2812530612198, 1026.5672324048057, 1031.063126624441, 1026.9072721103169, 1043.3364777082588, 1035.5553512113695, 1070.5949138891738, 1073.8124971683721, 1102.5986179292524, 1119.66859063888, 1082.872159731021], "HillsTerrain(floor_height=3.6, scale=5)": [560.0537458735866, 989.21038191254, 1013.7763911376506, 1013.194787103634, 996.276627127549, 1019.701540526143, 1016.5229111240642, 1020.0560869560086, 1020.7064999248497, 1029.1497937214722, 1024.0481417870935, 1023.2786057285696, 1018.1956029985867, 1027.0383211260594, 1033.6414350812227, 1022.9776667671895, 1038.2615443785814, 1058.9381167858025, 1075.6331363396687, 1116.6733296839845, 1108.8978185701396, 1106.1580356762095], "HillsTerrain(floor_height=3.6, scale=10)": [640.6477600943823, 966.6447619286869, 1014.851682655977, 1015.9985370326123, 1011.1019676244982, 1025.1530682286284, 1019.5081121249041, 1018.4902267911098, 1016.3006563127838, 1015.6651797516079, 1020.8596444827616, 1029.547290871571, 1017.2911990353988, 1037.9981109843593, 1037.0563656333775, 1035.574078928913, 1035.5842951171237, 1065.72952568694, 1077.6354388747395, 1094.669528940447, 1106.127196908058, 1113.1048761636366], "HillsTerrain(floor_height=3.6, scale=15)": [715.7768017871551, 993.7266333516832, 1017.9610824624604, 1021.4816839013118, 1003.2483717733445, 1020.0105531438415, 1027.6527923692854, 1021.8514765778457, 1022.0685584673066, 1013.699214110044, 1017.912269813717, 1028.8776159986842, 1025.2243238770484, 1026.0413952194656, 1028.6323305160486, 1027.9552457279995, 1046.7478416307122, 1080.8736218459853, 1085.297127411855, 1097.0251608274332, 1100.4360235775625, 1100.3492381506226], "HillsTerrain(floor_height=3.6, scale=20)": [722.7887968644312, 988.1962840641633, 1007.6605050076973, 1017.5539724210154, 1009.3170442442673, 1021.5750499738801, 1013.6069679595803, 1024.3449556529065, 1015.4278235097281, 1017.7454818275642, 1020.7199466627128, 1031.1102250427004, 1027.4661515766345, 1024.1575711916764, 1031.0156798215908, 1042.157515916876, 1038.1212300681302, 1082.0706816738566, 1066.129200892042, 1096.4023490631498, 1113.9642250575635, 1109.8654241651484],